date,title,description,text
2025-12-02,Meta Platforms (META) Increased Its Capex Estimation in 2026. Here’s Why,"Baron Funds, an investment management company, released its “Baron Fifth Avenue Growth Fund” third-quarter 2025 investor letter. A copy of the letter can be ...","Meta Platforms (META) Increased Its Capex Estimation in 2026. Here’s Why. Baron Funds, an investment management company, released its “Baron Fifth Avenue Growth Fund” third-quarter 2025 investor letter. A copy of the letter can be ..."
2025-12-02,FEMSA Announces Accelerated Share Repurchase Agreement,"MONTERREY, Mexico, Dec. 02, 2025 (GLOBE NEWSWIRE) -- Fomento Económico Mexicano, S.A.B. de C.V. (“FEMSA” or the “Company”) (NYSE: FMX; BMV: FEMSAUBD, FEMSAUB) today announced that, as part of its ongoing efforts and consistent with its capital allocation fram…","FEMSA Announces Accelerated Share Repurchase Agreement. MONTERREY, Mexico, Dec. 02, 2025 (GLOBE NEWSWIRE) -- Fomento Económico Mexicano, S.A.B. de C.V. (“FEMSA” or the “Company”) (NYSE: FMX; BMV: FEMSAUBD, FEMSAUB) today announced that, as part of its ongoing efforts and consistent with its capital allocation fram…"
2025-12-02,What Makes Figma (FIG) a Good Investment Choice?,"Baron Funds, an investment management company, released its “Baron Fifth Avenue Growth Fund” third-quarter 2025 investor letter. A copy of the letter can be ...","What Makes Figma (FIG) a Good Investment Choice?. Baron Funds, an investment management company, released its “Baron Fifth Avenue Growth Fund” third-quarter 2025 investor letter. A copy of the letter can be ..."
2025-12-02,MercadoLibre (MELI) Slid in Q3 Despite Reporting Strong Results,"Baron Funds, an investment management company, released its “Baron Fifth Avenue Growth Fund” third-quarter 2025 investor letter. A copy of the letter can be ...","MercadoLibre (MELI) Slid in Q3 Despite Reporting Strong Results. Baron Funds, an investment management company, released its “Baron Fifth Avenue Growth Fund” third-quarter 2025 investor letter. A copy of the letter can be ..."
2025-12-02,Futures Rebound As Bitcoin Halts Plunge,"Futures Rebound As Bitcoin Halts Plunge
 
After Monday's dismal start to December, US equity futures are higher (if only for the time being), although lacking conviction with few major catalysts on deck today. As of 8:15am, S&P 500 futures are up 0.3% and Nas…","Futures Rebound As Bitcoin Halts Plunge. Futures Rebound As Bitcoin Halts Plunge
 
After Monday's dismal start to December, US equity futures are higher (if only for the time being), although lacking conviction with few major catalysts on deck today. As of 8:15am, S&P 500 futures are up 0.3% and Nas…"
2025-12-02,"I tested the new Sony A7 V, and now it's my favorite Sony camera ever","Bang on cue, the Sony A7 V has arrived and it blurs the lines between enthusiast and pro cameras forever","I tested the new Sony A7 V, and now it's my favorite Sony camera ever. Bang on cue, the Sony A7 V has arrived and it blurs the lines between enthusiast and pro cameras forever"
2025-12-02,Gen Z wants crypto for Christmas. Will their Gen X parents buy it?,"Gen Z wants crypto for Christmas. Crypto is “the new digital stocking stuffer,” Visa announced in a new survey, released Dec. 2.","Gen Z wants crypto for Christmas. Will their Gen X parents buy it?. Gen Z wants crypto for Christmas. Crypto is “the new digital stocking stuffer,” Visa announced in a new survey, released Dec. 2."
2025-12-02,Pharmacokinetic profiles of Moutan Cortex after single and repeated administration in a dinitrobenzene sulfonic acid-induced colitis model,"Moutan Cortex (MC), the dried root bark of Paeonia suffruticosa, is used in traditional Chinese and Korean medicine to treat enteritis for its anti-inflammatory properties. This study compared the pharmacokinetic (PK) profiles of paeonol and paeoniflorin in n…","Pharmacokinetic profiles of Moutan Cortex after single and repeated administration in a dinitrobenzene sulfonic acid-induced colitis model. Moutan Cortex (MC), the dried root bark of Paeonia suffruticosa, is used in traditional Chinese and Korean medicine to treat enteritis for its anti-inflammatory properties. This study compared the pharmacokinetic (PK) profiles of paeonol and paeoniflorin in n…"
2025-12-02,AquaCropPlotter: A Shiny app for visualizing and analyzing AquaCrop simulation results,"AquaCrop, a crop growth model developed by the Food and Agriculture Organization of the United Nations (FAO), can be used as a planning tool to assist management decisions in both irrigated and rainfed agriculture. AquaCrop simulates the yield of crops in res…","AquaCropPlotter: A Shiny app for visualizing and analyzing AquaCrop simulation results. AquaCrop, a crop growth model developed by the Food and Agriculture Organization of the United Nations (FAO), can be used as a planning tool to assist management decisions in both irrigated and rainfed agriculture. AquaCrop simulates the yield of crops in res…"
2025-12-02,Low-dose mixtures of dietary nutrients ameliorate behavioral deficits in multiple mouse models of autism,"Supplementation with individual nutrients can ameliorate autism-related social deficits in mice, but often requires doses that could cause side effects. This study reveals that when administered as a mixture, subtherapeutic doses of these nutrients can act sy…","Low-dose mixtures of dietary nutrients ameliorate behavioral deficits in multiple mouse models of autism. Supplementation with individual nutrients can ameliorate autism-related social deficits in mice, but often requires doses that could cause side effects. This study reveals that when administered as a mixture, subtherapeutic doses of these nutrients can act sy…"
2025-12-02,Development of basic-needs experience and finance-related attitude through game-based learning: The role of game mechanics and debriefing,"Game-based learning (GBL) supports the development of domain-specific competencies, especially knowledge, more effectively than traditional learning methods. However, it is still unclear which elements of GBL positively impact learning outcomes such as motiva…","Development of basic-needs experience and finance-related attitude through game-based learning: The role of game mechanics and debriefing. Game-based learning (GBL) supports the development of domain-specific competencies, especially knowledge, more effectively than traditional learning methods. However, it is still unclear which elements of GBL positively impact learning outcomes such as motiva…"
2025-12-02,From data to diagnosis: An innovative approach to epilepsy prediction with CGTNet incorporating spatio-temporal features,"Epilepsy affects around 50 million people globally, causing significant burdens. While many methods predict seizures, current models struggle with handling spatiotemporal features and balancing accuracy with computational efficiency.This paper introduces a no…","From data to diagnosis: An innovative approach to epilepsy prediction with CGTNet incorporating spatio-temporal features. Epilepsy affects around 50 million people globally, causing significant burdens. While many methods predict seizures, current models struggle with handling spatiotemporal features and balancing accuracy with computational efficiency.This paper introduces a no…"
2025-12-02,How coping styles moderate the relationship between diabetes distress and self-care in adults with diabetes in Appalachian Ohio: A cross-sectional survey study,"Background Diabetes distress is highly prevalent among adults with type 1 and type 2 diabetes, and is associated with fewer self-care behaviors, higher A1C values, increased complications, and lower quality of life. The purpose of this study was to confirm th…","How coping styles moderate the relationship between diabetes distress and self-care in adults with diabetes in Appalachian Ohio: A cross-sectional survey study. Background Diabetes distress is highly prevalent among adults with type 1 and type 2 diabetes, and is associated with fewer self-care behaviors, higher A1C values, increased complications, and lower quality of life. The purpose of this study was to confirm th…"
2025-12-02,Differential contribution of α2δ auxiliary subunits of voltage-gated calcium channels in mouse models of pain and itch,"Voltage-gated calcium channels (VGCCs) are multimeric proteins composed of alpha 1, β and γ subunits, as well as one of four auxiliary α2δ subunits. Although there is considerable preclinical and clinical evidence for a contribution of VGCCs to nociceptive pr…","Differential contribution of α2δ auxiliary subunits of voltage-gated calcium channels in mouse models of pain and itch. Voltage-gated calcium channels (VGCCs) are multimeric proteins composed of alpha 1, β and γ subunits, as well as one of four auxiliary α2δ subunits. Although there is considerable preclinical and clinical evidence for a contribution of VGCCs to nociceptive pr…"
2025-12-02,Ju-LiteMobileAtt: A lightweight attention network for efficient jujube defect classification,"Surface defect detection of organic jujubes is critical for quality assessment. However, conventional machine vision lacks adaptability to polymorphic defects, while deep learning methods face a trade-off—deep architectures are computationally intensive and u…","Ju-LiteMobileAtt: A lightweight attention network for efficient jujube defect classification. Surface defect detection of organic jujubes is critical for quality assessment. However, conventional machine vision lacks adaptability to polymorphic defects, while deep learning methods face a trade-off—deep architectures are computationally intensive and u…"
2025-12-02,Ensuring thermal comfort in the cabin of an electric vehicle at extremely low atmospheric temperatures (down to -45°C),"Ensuring thermal comfort for the driver and passengers in vehicles, including electric vehicles, when traveling on intercity roads, in sparsely populated northern regions with low traffic, in winter, at extremely low atmospheric temperatures is a critical fac…","Ensuring thermal comfort in the cabin of an electric vehicle at extremely low atmospheric temperatures (down to -45°C). Ensuring thermal comfort for the driver and passengers in vehicles, including electric vehicles, when traveling on intercity roads, in sparsely populated northern regions with low traffic, in winter, at extremely low atmospheric temperatures is a critical fac…"
2025-12-02,"Demographic history and population structure of Phlebotomus argentipes (Diptera: Psychodidae) complex, the leishmaniasis vector in Sri Lanka","Phlebotomus argentipes sensu lato Annandale & Brunetti, 1908 is the primary vector of Leishmania donovani MON 37, the causative agent of cutaneous leishmaniasis (CL) in Sri Lanka. Effective vector control is essential for managing leishmaniasis. Although nume…","Demographic history and population structure of Phlebotomus argentipes (Diptera: Psychodidae) complex, the leishmaniasis vector in Sri Lanka. Phlebotomus argentipes sensu lato Annandale & Brunetti, 1908 is the primary vector of Leishmania donovani MON 37, the causative agent of cutaneous leishmaniasis (CL) in Sri Lanka. Effective vector control is essential for managing leishmaniasis. Although nume…"
2025-12-02,Investigating insulin’s role in regulating local aromatase in growth plate development,"Introduction Obesity-associated hyperinsulinemia is hypothesized to disrupt linear growth trajectories, though the mechanisms remain unclear. This study investigates these mechanisms using a high-fat diet-induced rat model.   Methods Twelve healthy 1-week-old…","Investigating insulin’s role in regulating local aromatase in growth plate development. Introduction Obesity-associated hyperinsulinemia is hypothesized to disrupt linear growth trajectories, though the mechanisms remain unclear. This study investigates these mechanisms using a high-fat diet-induced rat model.   Methods Twelve healthy 1-week-old…"
2025-12-02,Association between the neutrophil percentage-to-albumin ratio and pelvic adhesion severity in endometriosis: A retrospective cross-sectional study,"Study background Preoperative assessment of the severity of pelvic adhesions in endometriosis remains challenging. Inflammation may drive adhesion formation, and the predictive value of the neutrophil percentage-to-albumin ratio (NPAR, the ratio multiplied by…","Association between the neutrophil percentage-to-albumin ratio and pelvic adhesion severity in endometriosis: A retrospective cross-sectional study. Study background Preoperative assessment of the severity of pelvic adhesions in endometriosis remains challenging. Inflammation may drive adhesion formation, and the predictive value of the neutrophil percentage-to-albumin ratio (NPAR, the ratio multiplied by…"
2025-12-02,Unhealthy food consumption among 20–59 years old adults in Bangladesh: Findings from a nationally representative cross-sectional survey,"Background Unhealthy food consumption is a major public health concern because of its adverse health consequences. We assessed unhealthy food (savory and fried snacks, SFS; sweet snacks, SS; and sugar-sweetened beverages, SSBs) consumption patterns and identi…","Unhealthy food consumption among 20–59 years old adults in Bangladesh: Findings from a nationally representative cross-sectional survey. Background Unhealthy food consumption is a major public health concern because of its adverse health consequences. We assessed unhealthy food (savory and fried snacks, SFS; sweet snacks, SS; and sugar-sweetened beverages, SSBs) consumption patterns and identi…"
2025-12-02,Community-led polycentric water management for drought mitigation in Southern Zambia,"Recurrent droughts in Southern Zambia have increased rural community vulnerabilities, intensified water scarcity, and worsened food insecurity. Unpredictable rainfall and the drying of open water sources pose significant challenges to livelihoods. In response…","Community-led polycentric water management for drought mitigation in Southern Zambia. Recurrent droughts in Southern Zambia have increased rural community vulnerabilities, intensified water scarcity, and worsened food insecurity. Unpredictable rainfall and the drying of open water sources pose significant challenges to livelihoods. In response…"
2025-12-02,Stillbirth in twin pregnancies in Stockholm County 2000–2021—A descriptive study,"Introduction The incidence of stillbirth is higher in twin pregnancies compared with singleton pregnancies. Known risk factors for stillbirth in twin pregnancies include selective fetal growth restriction, twin-to-twin transfusion syndrome (TTTS) and preeclam…","Stillbirth in twin pregnancies in Stockholm County 2000–2021—A descriptive study. Introduction The incidence of stillbirth is higher in twin pregnancies compared with singleton pregnancies. Known risk factors for stillbirth in twin pregnancies include selective fetal growth restriction, twin-to-twin transfusion syndrome (TTTS) and preeclam…"
2025-12-02,Monocyte-eosinophil signaling axis promotes vaccine-mediated protection against SARS-CoV-2,"Author summary COVID-19 vaccines offer robust protection against severe illness, hospitalization, and death, with vaccine-induced neutralizing antibodies serving as an immune correlate of protection. However, declining antibody levels and the emergence of new…","Monocyte-eosinophil signaling axis promotes vaccine-mediated protection against SARS-CoV-2. Author summary COVID-19 vaccines offer robust protection against severe illness, hospitalization, and death, with vaccine-induced neutralizing antibodies serving as an immune correlate of protection. However, declining antibody levels and the emergence of new…"
2025-12-02,Polo-like kinase 1 regulates growth in juvenile Fasciola hepatica,"Author summary The liver fluke is a parasitic flatworm which causes disease in livestock and humans around the world. While establishing the infection, immature liver fluke migrate through the host liver causing significant damage. Unfortunately, only one dru…","Polo-like kinase 1 regulates growth in juvenile Fasciola hepatica. Author summary The liver fluke is a parasitic flatworm which causes disease in livestock and humans around the world. While establishing the infection, immature liver fluke migrate through the host liver causing significant damage. Unfortunately, only one dru…"
2025-12-02,Age-dependent patterns of cardiac complexity unveiled by topological data analysis of pediatric heart rate variability,"Heart rate variability (HRV) is a well-established marker of autonomic regulation and undergoes profound maturation during early human development. In this study, topological data analysis (TDA) is applied to investigate the evolving geometric complexity of H…","Age-dependent patterns of cardiac complexity unveiled by topological data analysis of pediatric heart rate variability. Heart rate variability (HRV) is a well-established marker of autonomic regulation and undergoes profound maturation during early human development. In this study, topological data analysis (TDA) is applied to investigate the evolving geometric complexity of H…"
2025-12-02,The BrainWaves study of adolescent wellbeing and mental health: Methods development and pilot data,Adolescent mental health and wellbeing are of growing concern globally with increased incidence of mental health disorders in young people. BrainWaves provides a framework for relevant and diverse research programmes into adolescent mental health and wellbein…,The BrainWaves study of adolescent wellbeing and mental health: Methods development and pilot data. Adolescent mental health and wellbeing are of growing concern globally with increased incidence of mental health disorders in young people. BrainWaves provides a framework for relevant and diverse research programmes into adolescent mental health and wellbein…
2025-12-02,"Understanding the trends, clustering, and risk factors of pinworm infection in preschool settings: A repeated cross-sectional multi-center study between 2019 and 2024","Author summary Pinworm infection is among the most prevalent helminth infections in young children worldwide, yet we still lack long-term, multi-center data on how it spreads and whether infections cluster within preschools. Our study aims to chart the trend …","Understanding the trends, clustering, and risk factors of pinworm infection in preschool settings: A repeated cross-sectional multi-center study between 2019 and 2024. Author summary Pinworm infection is among the most prevalent helminth infections in young children worldwide, yet we still lack long-term, multi-center data on how it spreads and whether infections cluster within preschools. Our study aims to chart the trend …"
2025-12-02,"Prevalence and risk factors associated with Taenia solium cysticercosis in pigs in Oyam district, Uganda","Author summary Porcine cysticercosis, caused by the larval stage of the pork tapeworm (Taenia solium), is a zoonotic disease that affects both pigs and humans. In pigs, it reduces economic value, while in humans it can cause taeniosis and cysticercosis, inclu…","Prevalence and risk factors associated with Taenia solium cysticercosis in pigs in Oyam district, Uganda. Author summary Porcine cysticercosis, caused by the larval stage of the pork tapeworm (Taenia solium), is a zoonotic disease that affects both pigs and humans. In pigs, it reduces economic value, while in humans it can cause taeniosis and cysticercosis, inclu…"
2025-12-02,Do we advise as one likes? The alignment bias in social advice giving,"Author summary Among the various forms of opinion exchange, advice stands out for its informational richness and its prevalence in word-of-mouth communication. Our research presents a counterintuitive view, suggesting that advice can be considerably biased—pa…","Do we advise as one likes? The alignment bias in social advice giving. Author summary Among the various forms of opinion exchange, advice stands out for its informational richness and its prevalence in word-of-mouth communication. Our research presents a counterintuitive view, suggesting that advice can be considerably biased—pa…"
2025-12-02,Cross-sectional assessment of Angiostrongylus cantonensis transmission risk mediated by invasive apple snails in Jiangsu province of China,"Author summary In this study, we investigated the risk of human infection with the rat lungworm, Angiostrongylus cantonensis, which can cause severe meningitis. This parasite is often spread through invasive apple snails, which are now widespread in Jiangsu P…","Cross-sectional assessment of Angiostrongylus cantonensis transmission risk mediated by invasive apple snails in Jiangsu province of China. Author summary In this study, we investigated the risk of human infection with the rat lungworm, Angiostrongylus cantonensis, which can cause severe meningitis. This parasite is often spread through invasive apple snails, which are now widespread in Jiangsu P…"
2025-12-02,Ultrasound-based population survey for abdominal cystic echinococcosis in Albania: Results from the NDTND project,"Author summary The paper presents results from a nationwide ultrasound (US)-based survey for Cystic Echinococcosis (CE) carried out in Albania. CE is endemic in the Balkans and is a public health issue in Albania. However, only data available on disease burde…","Ultrasound-based population survey for abdominal cystic echinococcosis in Albania: Results from the NDTND project. Author summary The paper presents results from a nationwide ultrasound (US)-based survey for Cystic Echinococcosis (CE) carried out in Albania. CE is endemic in the Balkans and is a public health issue in Albania. However, only data available on disease burde…"
2025-12-02,Polar cell membrane nanotubes containing microtubules and acidic vesicles render Drosophila eggs fertile,"Membrane nanotubes are cytoskeletal structures that facilitate intercellular communication. This study demonstrates that polar cell derived microtubule nanotubes play a role in Drosophila fertilization, creating a channel in the eggshell that facilitates sper…","Polar cell membrane nanotubes containing microtubules and acidic vesicles render Drosophila eggs fertile. Membrane nanotubes are cytoskeletal structures that facilitate intercellular communication. This study demonstrates that polar cell derived microtubule nanotubes play a role in Drosophila fertilization, creating a channel in the eggshell that facilitates sper…"
2025-12-02,Sustainability logos and claims on food packaging and labels: The case of Türkiye,Enhancing consumer awareness of sustainable nutrition is a key factor in promoting public health and supporting environmentally friendly food systems. Logos and claims on food packaging that indicate the use of sustainable production methods have the potentia…,Sustainability logos and claims on food packaging and labels: The case of Türkiye. Enhancing consumer awareness of sustainable nutrition is a key factor in promoting public health and supporting environmentally friendly food systems. Logos and claims on food packaging that indicate the use of sustainable production methods have the potentia…
2025-12-02,Occupational pesticide exposure and safety assessment among farmers in Hohoe municipality: An ethnographic qualitative study,"Introduction Occupational pesticide exposure poses significant health risks, particularly among smallholder farmers in developing countries like Ghana, where such exposures are common due to widespread subsistence agricultural activities. The Environmental Pr…","Occupational pesticide exposure and safety assessment among farmers in Hohoe municipality: An ethnographic qualitative study. Introduction Occupational pesticide exposure poses significant health risks, particularly among smallholder farmers in developing countries like Ghana, where such exposures are common due to widespread subsistence agricultural activities. The Environmental Pr…"
2025-12-02,"Evaluation of ‘For survivors by survivors’, a cancer survivorship peer support pilot program for healthcare staff: A one-group post-test-only study","Introduction The number of people living with and beyond cancer has risen significantly due to medical advancements. The cancer journey remains physically, socially, and psychologically challenging. Peer support is important in cancer survivorship as it provi…","Evaluation of ‘For survivors by survivors’, a cancer survivorship peer support pilot program for healthcare staff: A one-group post-test-only study. Introduction The number of people living with and beyond cancer has risen significantly due to medical advancements. The cancer journey remains physically, socially, and psychologically challenging. Peer support is important in cancer survivorship as it provi…"
2025-12-02,MiR-125b-5p and miR-100-5p as Biomarkers and therapeutic targets for the prevention of particulate matter-induced non-smoker lung cancer,"Non-smoking-related lung cancer is increasingly associated with environmental factors such as particulate matter (PM) exposure. Using deep small RNA sequencing, we identified distinct miRNA expression patterns in lung cancer patients compared to non-cancer co…","MiR-125b-5p and miR-100-5p as Biomarkers and therapeutic targets for the prevention of particulate matter-induced non-smoker lung cancer. Non-smoking-related lung cancer is increasingly associated with environmental factors such as particulate matter (PM) exposure. Using deep small RNA sequencing, we identified distinct miRNA expression patterns in lung cancer patients compared to non-cancer co…"
2025-12-02,RIN1 regulates developmental and pain-related plasticity in spinal synapses via NMDA receptor subunit trafficking,"Modifications in the subunit composition of NMDA receptors are important for regulating synaptic function, but how are these changes controlled? This study in mice shows that the protein RIN1 differentially regulates the localization of GluN2B and GluN2A rece…","RIN1 regulates developmental and pain-related plasticity in spinal synapses via NMDA receptor subunit trafficking. Modifications in the subunit composition of NMDA receptors are important for regulating synaptic function, but how are these changes controlled? This study in mice shows that the protein RIN1 differentially regulates the localization of GluN2B and GluN2A rece…"
2025-12-02,The effects of ideology and cognitive reflection on evidence gathering behavior in the political domain,"This paper explores individual-level standards of evidence in the political domain. In particular, we examine why people rely on different types of evidence in their evaluations of causal claims. Our empirical analysis is based on original survey data collect…","The effects of ideology and cognitive reflection on evidence gathering behavior in the political domain. This paper explores individual-level standards of evidence in the political domain. In particular, we examine why people rely on different types of evidence in their evaluations of causal claims. Our empirical analysis is based on original survey data collect…"
2025-12-02,"Frechet-power function distribution:Theory, properties and applications","We propose the Fréchet–Power Function (FPF) distribution, a novel two-parameter model that combines the bounded support of the Power Function distribution with the heavy-tailed flexibility of a Fréchet-type generator. This combination enables the FPF to captu…","Frechet-power function distribution:Theory, properties and applications. We propose the Fréchet–Power Function (FPF) distribution, a novel two-parameter model that combines the bounded support of the Power Function distribution with the heavy-tailed flexibility of a Fréchet-type generator. This combination enables the FPF to captu…"
2025-12-02,Hospital-based care for hallucinogens and risk of mania and bipolar disorder: A population-based cohort study,"Using a population-based cohort study, Daniel Myran and colleagues report that emergency or hospital care after hallucinogen use was associated with an increased risk of incident mania or bipolar disorder diagnosis.","Hospital-based care for hallucinogens and risk of mania and bipolar disorder: A population-based cohort study. Using a population-based cohort study, Daniel Myran and colleagues report that emergency or hospital care after hallucinogen use was associated with an increased risk of incident mania or bipolar disorder diagnosis."
2025-12-02,Pave Finance integrates with Morningstar,"Pave Finance, Inc. (“Pave”), the next-generation wealth management platform, has today announced its integration with Morningstar, one of the world’s largest investment research and data providers used by registered investment advisors (RIAs).","Pave Finance integrates with Morningstar. Pave Finance, Inc. (“Pave”), the next-generation wealth management platform, has today announced its integration with Morningstar, one of the world’s largest investment research and data providers used by registered investment advisors (RIAs)."
2025-12-02,Is D.R. Horton Stock Underperforming the S&P 500?,,Is D.R. Horton Stock Underperforming the S&P 500?.
2025-12-02,What Makes Flywire Corporation (FLYW) a Significant Buying Opportunity?,"Voss Capital, LLC, an investment management company, released its third-quarter 2025 investor letter. A copy of the letter can be downloaded here. Voss...","What Makes Flywire Corporation (FLYW) a Significant Buying Opportunity?. Voss Capital, LLC, an investment management company, released its third-quarter 2025 investor letter. A copy of the letter can be downloaded here. Voss..."
2025-12-02,Pakistan again claims of downing Indian jets during May conflict,"Pakistan's Air Chief, Zaheer Ahmed Baber Sindhu, made unsubstantiated claims about shooting down Indian aircraft and defense systems. He stated Pakistani forces neutralized India's S-400 air defense system and command centers. These assertions follow previous…","Pakistan again claims of downing Indian jets during May conflict. Pakistan's Air Chief, Zaheer Ahmed Baber Sindhu, made unsubstantiated claims about shooting down Indian aircraft and defense systems. He stated Pakistani forces neutralized India's S-400 air defense system and command centers. These assertions follow previous…"
2025-12-02,What Makes United Parks & Resorts (PRKS) a Deep Value Stock?,"Voss Capital, LLC, an investment management company, released its third-quarter 2025 investor letter. A copy of the letter can be downloaded here. Voss...","What Makes United Parks & Resorts (PRKS) a Deep Value Stock?. Voss Capital, LLC, an investment management company, released its third-quarter 2025 investor letter. A copy of the letter can be downloaded here. Voss..."
2025-12-02,Voss Capital’s Updates on Xponential Fitness (XPOF),"Voss Capital, LLC, an investment management company, released its third-quarter 2025 investor letter. A copy of the letter can be downloaded here. Voss...","Voss Capital’s Updates on Xponential Fitness (XPOF). Voss Capital, LLC, an investment management company, released its third-quarter 2025 investor letter. A copy of the letter can be downloaded here. Voss..."
2025-12-02,Dell family to give $6.25 billion to create 25 million additional 'Trump Accounts',"Tech billionaires Michael and Susan Dell are pledging $6.25 billion to create 25 million additional ""Trump Accounts"" for children across the country.","Dell family to give $6.25 billion to create 25 million additional 'Trump Accounts'. Tech billionaires Michael and Susan Dell are pledging $6.25 billion to create 25 million additional ""Trump Accounts"" for children across the country."
2025-12-02,Crypto’s Retail Traders Hit Hard as Strategy ETFs Plunge 80%,Strategy Inc. — the company once hailed for wrapping crypto exposure into a public stock — is scrambling to calm markets after its shares plunged more than...,Crypto’s Retail Traders Hit Hard as Strategy ETFs Plunge 80%. Strategy Inc. — the company once hailed for wrapping crypto exposure into a public stock — is scrambling to calm markets after its shares plunged more than...
2025-12-02,Long game pays off as gold surpasses S&P 500 performance over 30 years,"Gold price forecast: Gold’s 30-year surge just beat the S&P 500: Gold has soared. Since 2000, it grew nearly 10 times in value. The S&P 500 rose only 4.34 times. Investors who held gold more than doubled stock market returns. Between 2004–2024, gold returned …","Long game pays off as gold surpasses S&P 500 performance over 30 years. Gold price forecast: Gold’s 30-year surge just beat the S&P 500: Gold has soared. Since 2000, it grew nearly 10 times in value. The S&P 500 rose only 4.34 times. Investors who held gold more than doubled stock market returns. Between 2004–2024, gold returned …"
2025-12-02,Voss Capital is Optimistic on Five9 (FIVN). Here’s Why,"Voss Capital, LLC, an investment management company, released its third-quarter 2025 investor letter. A copy of the letter can be downloaded here. Voss...","Voss Capital is Optimistic on Five9 (FIVN). Here’s Why. Voss Capital, LLC, an investment management company, released its third-quarter 2025 investor letter. A copy of the letter can be downloaded here. Voss..."
2025-12-02,S&P Select Materials SPDR: Pivot points,"See the rest of the story here.

thefly.com provides the latest financial news as it breaks. Known as a leader in market intelligence, The Fly's real-time, streaming news feed keeps individual investors, professional money managers, active traders, and corpor…","S&P Select Materials SPDR: Pivot points. See the rest of the story here.

thefly.com provides the latest financial news as it breaks. Known as a leader in market intelligence, The Fly's real-time, streaming news feed keeps individual investors, professional money managers, active traders, and corpor…"
2025-12-02,"Peter Schiff blasts Trump’s ‘booming economy’ claim, warns US output is ‘going bust.’ Here’s the problem and what to do",The national debt is now nearing $38.5T.,"Peter Schiff blasts Trump’s ‘booming economy’ claim, warns US output is ‘going bust.’ Here’s the problem and what to do. The national debt is now nearing $38.5T."
2025-12-02,"Apple's AI leadership, Costco's tariff lawsuit, Cyber Monday Shopify outage and more in Morning Squawk",Here are five key things investors need to know to start the trading day.,"Apple's AI leadership, Costco's tariff lawsuit, Cyber Monday Shopify outage and more in Morning Squawk. Here are five key things investors need to know to start the trading day."
2025-12-02,SPDR S&P 500 ETF Trust: Pivot points,"See the rest of the story here.

thefly.com provides the latest financial news as it breaks. Known as a leader in market intelligence, The Fly's real-time, streaming news feed keeps individual investors, professional money managers, active traders, and corpor…","SPDR S&P 500 ETF Trust: Pivot points. See the rest of the story here.

thefly.com provides the latest financial news as it breaks. Known as a leader in market intelligence, The Fly's real-time, streaming news feed keeps individual investors, professional money managers, active traders, and corpor…"
2025-12-02,Morgan Stanley Sees More Balanced Risk/Reward for Donaldson (DCI),"Donaldson Company, Inc. (NYSE:DCI) is included among the 15 High Quality Dividend Stocks for Long-Term Investors. O‌n November 24⁠, Morgan Stanley raised its ...","Morgan Stanley Sees More Balanced Risk/Reward for Donaldson (DCI). Donaldson Company, Inc. (NYSE:DCI) is included among the 15 High Quality Dividend Stocks for Long-Term Investors. O‌n November 24⁠, Morgan Stanley raised its ..."
2025-12-02,"The Stock Market Is Doing Something Last Seen When the Dot-Com Bubble Popped, and It's Sending a Clear Signal Where to Invest Now","The Stock Market Is Doing Something Last Seen When the Dot-Com Bubble Popped, and It's Sending a Clear Signal Where to Invest Now
Key Points
-
The S&P 500 has seen its valuation climb amid investor optimism about the potential for AI.
-
Not every company's st…","The Stock Market Is Doing Something Last Seen When the Dot-Com Bubble Popped, and It's Sending a Clear Signal Where to Invest Now. The Stock Market Is Doing Something Last Seen When the Dot-Com Bubble Popped, and It's Sending a Clear Signal Where to Invest Now
Key Points
-
The S&P 500 has seen its valuation climb amid investor optimism about the potential for AI.
-
Not every company's st…"
2025-12-02,BEST SONGS OF 2025,"Voilà and please enjoy - for the 21st time - Said the Gramophone's favourite songs of the year. One hundred remedies for the year two thousand twenty-five: selected by me, Sean, up in Montreal. Songs I love more than demon-hunters,...","BEST SONGS OF 2025. Voilà and please enjoy - for the 21st time - Said the Gramophone's favourite songs of the year. One hundred remedies for the year two thousand twenty-five: selected by me, Sean, up in Montreal. Songs I love more than demon-hunters,..."
2025-12-02,"If You Invested $10K In Pfizer Stock 10 Years Ago, How Much Would You Have Now?","Pfizer Inc. (NYSE:PFE) is a global biopharmaceutical company that discovers, develops, manufactures, and markets medicines, vaccines, and healthcare products...","If You Invested $10K In Pfizer Stock 10 Years Ago, How Much Would You Have Now?. Pfizer Inc. (NYSE:PFE) is a global biopharmaceutical company that discovers, develops, manufactures, and markets medicines, vaccines, and healthcare products..."
2025-12-02,Michael Dell and his wife are pledging $6.25 billion to help fund Invest America accounts for 25 million American children,Dell spoke with Fortune about his philosophy of giving—and how this gift could cover nearly 80% of kids in the U.S.,Michael Dell and his wife are pledging $6.25 billion to help fund Invest America accounts for 25 million American children. Dell spoke with Fortune about his philosophy of giving—and how this gift could cover nearly 80% of kids in the U.S.
2025-12-02,Bangladesh win final T20 clash to wrap up series win over Ireland,Tanzid Hasan’s unbeaten half-century guided the hosts to a comfortable eight-wicket win in Chattogram,Bangladesh win final T20 clash to wrap up series win over Ireland. Tanzid Hasan’s unbeaten half-century guided the hosts to a comfortable eight-wicket win in Chattogram
2025-12-02,"S&P 500 Futures Up in Premarket Trading; MongoDB, Credo Tech Group Lead",,"S&P 500 Futures Up in Premarket Trading; MongoDB, Credo Tech Group Lead."
2025-12-02,What is GivingTuesday? How to donate on the annual day of charitable giving,"Since it started as a hashtag in 2012, GivingTuesday, has become one of the biggest fundraising days of the year for nonprofits in the U.S.","What is GivingTuesday? How to donate on the annual day of charitable giving. Since it started as a hashtag in 2012, GivingTuesday, has become one of the biggest fundraising days of the year for nonprofits in the U.S."
2025-12-02,What is GivingTuesday? How to donate on the annual day of charitable giving,"Since it started as a hashtag in 2012, GivingTuesday, has become one of the biggest fundraising days of the year for nonprofits in the U.S.","What is GivingTuesday? How to donate on the annual day of charitable giving. Since it started as a hashtag in 2012, GivingTuesday, has become one of the biggest fundraising days of the year for nonprofits in the U.S."
2025-12-02,What is GivingTuesday? How to donate on the annual day of charitable giving,"Since it started as a hashtag in 2012, GivingTuesday, has become one of the biggest fundraising days of the year for nonprofits in the U.S.","What is GivingTuesday? How to donate on the annual day of charitable giving. Since it started as a hashtag in 2012, GivingTuesday, has become one of the biggest fundraising days of the year for nonprofits in the U.S."
2025-12-02,Tether CEO Slams S&P Ratings Agency And Influencers Spreading USDt FUD,"Tether CEO Slams S&P Ratings Agency And Influencers Spreading USDt FUD
 
Authored by Vince Quill via CoinTelegraph.com,
Tether CEO Paolo Ardoino and market analysts pushed back against S&P Global’s downgraded rating of USDt’s ability to maintain its US dollar…","Tether CEO Slams S&P Ratings Agency And Influencers Spreading USDt FUD. Tether CEO Slams S&P Ratings Agency And Influencers Spreading USDt FUD
 
Authored by Vince Quill via CoinTelegraph.com,
Tether CEO Paolo Ardoino and market analysts pushed back against S&P Global’s downgraded rating of USDt’s ability to maintain its US dollar…"
2025-12-02,"'Trump Accounts' Are the President's Latest Promise to Hand Americans Cash, But This Time It Might Actually Happen (for Some)","Lest we forget, Trump's history is littered with numerous other ""plans"" to cut checks for Americans that somehow never get across the finish line.","'Trump Accounts' Are the President's Latest Promise to Hand Americans Cash, But This Time It Might Actually Happen (for Some). Lest we forget, Trump's history is littered with numerous other ""plans"" to cut checks for Americans that somehow never get across the finish line."
2025-12-02,On Thin Ice: Crypto Daybook Americas,"Your day-ahead look for Dec. 2, 2025","On Thin Ice: Crypto Daybook Americas. Your day-ahead look for Dec. 2, 2025"
2025-12-02,Fennec Pharmaceuticals Announces Positive Topline Results From Investigator-Initiated Clinical Study of PEDMARK® in Japan to Reduce Cisplatin-Induced Hearing Loss,"– Study, Which Enrolled 27 Patients, Met Primary Endpoint with a Significant Reduction in Hearing Loss in 3-18 Year Old Patients who Received PEDMARK® when Compared with Historically Reported Rates of Hearing Loss in Patients Receiving Cisplatin Alone (16-24%…","Fennec Pharmaceuticals Announces Positive Topline Results From Investigator-Initiated Clinical Study of PEDMARK® in Japan to Reduce Cisplatin-Induced Hearing Loss. – Study, Which Enrolled 27 Patients, Met Primary Endpoint with a Significant Reduction in Hearing Loss in 3-18 Year Old Patients who Received PEDMARK® when Compared with Historically Reported Rates of Hearing Loss in Patients Receiving Cisplatin Alone (16-24%…"
2025-12-02,Morning Bid: Bumpier December,"and global markets today , Editor-At-Large, Finance and Markets Last month showed that 'buy the dip' stock market behavior is alive and well, but Wall Street...","Morning Bid: Bumpier December. and global markets today , Editor-At-Large, Finance and Markets Last month showed that 'buy the dip' stock market behavior is alive and well, but Wall Street..."
2025-12-02,Tech stocks linked to Bitcoin take a battering as crypto traders brace for Strategy to breach danger threshold,"Michael Saylor’s Strategy, the leading Bitcoin treasury company, now has a stock market cap worth less than the Bitcoin it holds.","Tech stocks linked to Bitcoin take a battering as crypto traders brace for Strategy to breach danger threshold. Michael Saylor’s Strategy, the leading Bitcoin treasury company, now has a stock market cap worth less than the Bitcoin it holds."
2025-12-02,Fennec Pharmaceuticals Announces Positive Topline Results From Investigator-Initiated Clinical Study of PEDMARK® in Japan to Reduce Cisplatin-Induced Hearing Loss,"– Study, Which Enrolled 27 Patients, Met Primary Endpoint with a Significant Reduction in Hearing Loss in 3-18 Year Old Patients who Received PEDMARK® when Compared with Historically Reported Rates of Hearing Loss in Patients Receiving Cisplatin Alone (16-24%…","Fennec Pharmaceuticals Announces Positive Topline Results From Investigator-Initiated Clinical Study of PEDMARK® in Japan to Reduce Cisplatin-Induced Hearing Loss. – Study, Which Enrolled 27 Patients, Met Primary Endpoint with a Significant Reduction in Hearing Loss in 3-18 Year Old Patients who Received PEDMARK® when Compared with Historically Reported Rates of Hearing Loss in Patients Receiving Cisplatin Alone (16-24%…"
2025-12-02,OpenEden Closes Strategic Funding as RWA Market Surges; Ripple and Anchorage Digital Ventures Among Backers,"OpenEden has closed a new strategic investment round backed by some of the most influential names in blockchain and institutional finance, including Ripple, Lightspeed Faction, Gate Ventures, FalconX, Anchorage Digital Ventures, Flowdesk, P2 Ventures, Selini …","OpenEden Closes Strategic Funding as RWA Market Surges; Ripple and Anchorage Digital Ventures Among Backers. OpenEden has closed a new strategic investment round backed by some of the most influential names in blockchain and institutional finance, including Ripple, Lightspeed Faction, Gate Ventures, FalconX, Anchorage Digital Ventures, Flowdesk, P2 Ventures, Selini …"
2025-12-02,"Why Is Crypto Up Today? – December 2, 2025","Despite starting the month with a drop, the crypto market is up today, even if slightly, with the cryptocurrency market capitalisation rising by 0.5%, now...","Why Is Crypto Up Today? – December 2, 2025. Despite starting the month with a drop, the crypto market is up today, even if slightly, with the cryptocurrency market capitalisation rising by 0.5%, now..."
2025-12-02,Bitcoin Darling Implodes: $1.5 Billion Vanishes as Strategy's ETF Frenzy Backfires,"Retail traders, leverage, and fading premiums collide in one of the year's most brutal crypto-linked equity meltdowns.","Bitcoin Darling Implodes: $1.5 Billion Vanishes as Strategy's ETF Frenzy Backfires. Retail traders, leverage, and fading premiums collide in one of the year's most brutal crypto-linked equity meltdowns."
2025-12-02,1 Reason Now Is a Great Time to Buy SoFi Stock,"Key Points
-
SoFi continues to add a record number of new users to its platform.
-
Each customer represents years of monetization as they adopt new services.
-
The stock's expensive price tag implies strong market confidence.
With just a month left to the yea…","1 Reason Now Is a Great Time to Buy SoFi Stock. Key Points
-
SoFi continues to add a record number of new users to its platform.
-
Each customer represents years of monetization as they adopt new services.
-
The stock's expensive price tag implies strong market confidence.
With just a month left to the yea…"
2025-12-02,Stock Index Futures Gain as Investors Recover Risk Appetite,"December S&P 500 E-Mini futures (ESZ25) are up +0.27%, and December Nasdaq 100 E-Mini futures (NQZ25) are up +0.39% this morning, signaling a rebound from yesterday’s sell-off on Wall Street as investor risk appetite gradually returns at the start of December…","Stock Index Futures Gain as Investors Recover Risk Appetite. December S&P 500 E-Mini futures (ESZ25) are up +0.27%, and December Nasdaq 100 E-Mini futures (NQZ25) are up +0.39% this morning, signaling a rebound from yesterday’s sell-off on Wall Street as investor risk appetite gradually returns at the start of December…"
2025-12-02,"Hungary PM Orban's Fidesz narrows gap on opposition rival, opinion poll shows","BUDAPEST, Dec 2 (Reuters) - Hungarian Prime Minister Viktor Orban's Fidesz party narrowed the gap on opposition rival Tisza in November, an opinion poll showed on Tuesday, helped by large-scale spending ahead of next year's election and a slight improvement i…","Hungary PM Orban's Fidesz narrows gap on opposition rival, opinion poll shows. BUDAPEST, Dec 2 (Reuters) - Hungarian Prime Minister Viktor Orban's Fidesz party narrowed the gap on opposition rival Tisza in November, an opinion poll showed on Tuesday, helped by large-scale spending ahead of next year's election and a slight improvement i…"
2025-12-02,"2026 will be the year of AI monetization, says Wedbush’s Dan Ives",Most forecasts indicate that both enterprise and overall global AI spending will rise.,"2026 will be the year of AI monetization, says Wedbush’s Dan Ives. Most forecasts indicate that both enterprise and overall global AI spending will rise."
2025-12-02,More 'tug-of-war' between growth and value stocks expected next year,"RBC isn't in the AI bubble camp, but its  analysts say the fears and jitters are not unfounded and make the value vs. growth question interesting in the year...","More 'tug-of-war' between growth and value stocks expected next year. RBC isn't in the AI bubble camp, but its  analysts say the fears and jitters are not unfounded and make the value vs. growth question interesting in the year..."
2025-12-02,"Bare Feet, Grounding, and Health from the Earth Up Through the Body","Bare Feet, Grounding, and Health from the Earth Up Through the Bodythefocalpoints.com","Bare Feet, Grounding, and Health from the Earth Up Through the Body. Bare Feet, Grounding, and Health from the Earth Up Through the Bodythefocalpoints.com"
2025-12-02,A list of mass killings in the United States this year,"The latest mass killing in the United States occurred Saturday when three children ages 8, 9 and 14, and an adult were killed in a shooting at a child’s birthday party in California.","A list of mass killings in the United States this year. The latest mass killing in the United States occurred Saturday when three children ages 8, 9 and 14, and an adult were killed in a shooting at a child’s birthday party in California."
2025-12-02,Why smart CEOs are looking past the rosy ‘record Black Friday’ headlines,Also: All the news and watercooler chat from Fortune.,Why smart CEOs are looking past the rosy ‘record Black Friday’ headlines. Also: All the news and watercooler chat from Fortune.
2025-12-02,"Ripple, leading VCs invest in OpenEden to support the real-world asset tokenisation firm’s expansion",The company will focus on scaling TBILL and the yield-bearing stablecoin USDO. cUSDO was approved this year as off-exchange collateral at Binance. BNY Mellon now manages and safeguards Treasurys underlying TBILL. Real-world asset tokenisation is becoming one …,"Ripple, leading VCs invest in OpenEden to support the real-world asset tokenisation firm’s expansion. The company will focus on scaling TBILL and the yield-bearing stablecoin USDO. cUSDO was approved this year as off-exchange collateral at Binance. BNY Mellon now manages and safeguards Treasurys underlying TBILL. Real-world asset tokenisation is becoming one …"
2025-12-02,"Economy and AI Push Make Shorting US Stocks Dangerous, 22V Says",The commentary lands in a market that had become volatile in recent weeks as investors grew nervous about the impact of tariffs on the economy and monetary...,"Economy and AI Push Make Shorting US Stocks Dangerous, 22V Says. The commentary lands in a market that had become volatile in recent weeks as investors grew nervous about the impact of tariffs on the economy and monetary..."
2025-12-02,"Why the stock market ended lower today? Sensex down 503 pts, Nifty below 26,050. Key factors that dragged D-St lower","Indian equities retreated on Tuesday, with the Sensex and Nifty falling after touching record highs. Investors engaged in profit-taking, while foreign funds continued to reduce their holdings. This combination of domestic selling and external pressures led to…","Why the stock market ended lower today? Sensex down 503 pts, Nifty below 26,050. Key factors that dragged D-St lower. Indian equities retreated on Tuesday, with the Sensex and Nifty falling after touching record highs. Investors engaged in profit-taking, while foreign funds continued to reduce their holdings. This combination of domestic selling and external pressures led to…"
2025-12-02,"Big Tech’s ‘Spend Little, Earn Lots’ Formula Is Threatened By AI","A handful of behemoths like Alphabet Inc., Amazon.com Inc., Meta Platforms Inc. and Microsoft Corp. used this formula to seize market share from legacy...","Big Tech’s ‘Spend Little, Earn Lots’ Formula Is Threatened By AI. A handful of behemoths like Alphabet Inc., Amazon.com Inc., Meta Platforms Inc. and Microsoft Corp. used this formula to seize market share from legacy..."
2025-12-02,Is Truist Financial Stock Underperforming the S&P 500?,,Is Truist Financial Stock Underperforming the S&P 500?.
2025-12-02,OnePlus Pad Go 2: Affordable tablet makes Geekbench debut with mid-range MediaTek SoC,"OnePlus' upcoming Pad Go 2 tablet has shown up on Geekbench. It is powered by a mid-range, 5G-ready MediaTek SoC and 8 GB RAM.","OnePlus Pad Go 2: Affordable tablet makes Geekbench debut with mid-range MediaTek SoC. OnePlus' upcoming Pad Go 2 tablet has shown up on Geekbench. It is powered by a mid-range, 5G-ready MediaTek SoC and 8 GB RAM."
2025-12-02,2 under-the-radar AI stock picks from a fund manager beating 99% of peers over the last 5 years,Ryan Kelley has beaten 99% of peers over the last five years managing two funds. Here are his top under-the-radar names in the AI trade.,2 under-the-radar AI stock picks from a fund manager beating 99% of peers over the last 5 years. Ryan Kelley has beaten 99% of peers over the last five years managing two funds. Here are his top under-the-radar names in the AI trade.
2025-12-02,Bitcoin battles $50K price target as Fed adds $13.5B overnight liquidity,"Bitcoin liquidity cues received a clear signal from the Fed, as the end of QT sparked the second-largest overnight liquidity injection since the COVID-19 era.","Bitcoin battles $50K price target as Fed adds $13.5B overnight liquidity. Bitcoin liquidity cues received a clear signal from the Fed, as the end of QT sparked the second-largest overnight liquidity injection since the COVID-19 era."
2025-12-02,Bitcoin Live News Today: Latest Insights for Bitcoin Maxis (December 2),"Stay Ahead with Our Immediate Analysis of Today’s Bitcoin Insights Check out our Live Bitcoin Updates for December 2, 2025! In 2010, Bitcoin was worth a few cents. One year later, it hit $20. In six years, it was $17,000, and only a month ago, it hit an ATH o…","Bitcoin Live News Today: Latest Insights for Bitcoin Maxis (December 2). Stay Ahead with Our Immediate Analysis of Today’s Bitcoin Insights Check out our Live Bitcoin Updates for December 2, 2025! In 2010, Bitcoin was worth a few cents. One year later, it hit $20. In six years, it was $17,000, and only a month ago, it hit an ATH o…"
2025-12-02,S&P Global Ratings upgrades outlook on Vedanta Resources to 'positive' from 'stable',"S&P Global Ratings has upgraded Vedanta Resources' rating outlook from 'stable' to 'positive', while affirming its senior unsecured notes rating at 'B'. The upgrade reflects Vedanta’s timely ramp-up of aluminium facilities, which will enhance cost efficiency,…","S&P Global Ratings upgrades outlook on Vedanta Resources to 'positive' from 'stable'. S&P Global Ratings has upgraded Vedanta Resources' rating outlook from 'stable' to 'positive', while affirming its senior unsecured notes rating at 'B'. The upgrade reflects Vedanta’s timely ramp-up of aluminium facilities, which will enhance cost efficiency,…"
2025-12-02,Amelia Gray answers the dA-Zed quiz,"The ‘born and bred’ Los Angelino dishes on Rachel Sennott’s I Love LA, curating her perfect wardrobe for Miu Miu, and her mom’s most major Housewives moment","Amelia Gray answers the dA-Zed quiz. The ‘born and bred’ Los Angelino dishes on Rachel Sennott’s I Love LA, curating her perfect wardrobe for Miu Miu, and her mom’s most major Housewives moment"
2025-12-02,Monthly News – November 2025,"Many thanks to our donors, sponsors and to all the people who support our project. Cinnamon Menu The new Cinnamon menu received symbolic category icons. This was made possible thanks to the new XApp Symbolic Icons (XSI) initiative. Linux Mint 22.3 ‘Zena’ The …","Monthly News – November 2025. Many thanks to our donors, sponsors and to all the people who support our project. Cinnamon Menu The new Cinnamon menu received symbolic category icons. This was made possible thanks to the new XApp Symbolic Icons (XSI) initiative. Linux Mint 22.3 ‘Zena’ The …"
2025-12-02,"Billionaire Ken Griffin Buys an Index Fund That's Crushing Bitcoin, Nvidia, and the S&P 500 in 2025","Key Points
-
Billionaire Ken Griffin runs Citadel Advisors, the most successful hedge funds in history as measured by net gains since inception.
-
In the third quarter, Griffin started a position in the SPDR Gold Shares ETF, a fund that has returned 60% year …","Billionaire Ken Griffin Buys an Index Fund That's Crushing Bitcoin, Nvidia, and the S&P 500 in 2025. Key Points
-
Billionaire Ken Griffin runs Citadel Advisors, the most successful hedge funds in history as measured by net gains since inception.
-
In the third quarter, Griffin started a position in the SPDR Gold Shares ETF, a fund that has returned 60% year …"
2025-12-02,Stock Futures Rise as Markets Fight Back From Rocky Start to December,"The U.S. stock market was set to recover from its rocky start to December continued Tuesday with futures rising. Bitcoin, Ethereum and other cryptocurrencies were also under pressure.","Stock Futures Rise as Markets Fight Back From Rocky Start to December. The U.S. stock market was set to recover from its rocky start to December continued Tuesday with futures rising. Bitcoin, Ethereum and other cryptocurrencies were also under pressure."
2025-12-02,Diddy vs Fiddy: A 25-year timeline of one of rap’s biggest feuds,50 Cent and on-trial rival once partnered but have warred over everything from artist contracts to vodka labels... and even Biggie’s murder,Diddy vs Fiddy: A 25-year timeline of one of rap’s biggest feuds. 50 Cent and on-trial rival once partnered but have warred over everything from artist contracts to vodka labels... and even Biggie’s murder
2025-12-02,"U.S. stock futures slip today: Dow, S&P 500 and Nasdaq edge lower — Is tech weakness and Bitcoin volatility dragging Wall Street down?","U.S. stock futures slipped early Tuesday as tech weakness and Bitcoin volatility hit sentiment. Dow futures hovered near 47,345, S&P 500 near 6,827, and Nasdaq around 25,408. The 10-year yield eased to 4.08%. Oil rose to $59.51. Gold fell toward $4,210. Asia …","U.S. stock futures slip today: Dow, S&P 500 and Nasdaq edge lower — Is tech weakness and Bitcoin volatility dragging Wall Street down?. U.S. stock futures slipped early Tuesday as tech weakness and Bitcoin volatility hit sentiment. Dow futures hovered near 47,345, S&P 500 near 6,827, and Nasdaq around 25,408. The 10-year yield eased to 4.08%. Oil rose to $59.51. Gold fell toward $4,210. Asia …"
2025-12-02,Tether Gets Junked By S&P,,Tether Gets Junked By S&P.
